Country,Link
united states,https://allevents.in/chicago
united states,https://allevents.in/rockford
united states,https://allevents.in/peoria
united states,https://allevents.in/springfield-il
united states,https://allevents.in/new-york
united states,https://allevents.in/brooklyn
united states,https://allevents.in/buffalo
united states,https://allevents.in/rochester
united states,https://allevents.in/manhattan
united states,https://allevents.in/syracuse
united states,https://allevents.in/queens
united states,https://allevents.in/albany
united states,https://allevents.in/los-angeles
united states,https://allevents.in/san-francisco
united states,https://allevents.in/san-diego
united states,https://allevents.in/sacramento
united states,https://allevents.in/san-jose
united states,https://allevents.in/oakland
united states,https://allevents.in/berkeley
united states,https://allevents.in/fresno
united states,https://allevents.in/anaheim
united states,https://allevents.in/inglewood-ca
united states,https://allevents.in/long-beach
united states,https://allevents.in/hollywood-ca
united states,https://allevents.in/bakersfield
united states,https://allevents.in/atlanta
united states,https://allevents.in/savannah
united states,https://allevents.in/houston
united states,https://allevents.in/dallas
united states,https://allevents.in/austin
united states,https://allevents.in/san-antonio
united states,https://allevents.in/fort-worth
united states,https://allevents.in/arlington
united states,https://allevents.in/el-paso
united states,https://allevents.in/corpus-christi
united states,https://allevents.in/lubbock
united states,https://allevents.in/las-vegas
united states,https://allevents.in/reno-us
united states,https://allevents.in/winchester-nv
united states,https://allevents.in/denver
united states,https://allevents.in/colorado-springs
united states,https://allevents.in/boulder
united states,https://allevents.in/fort-collins
united states,https://allevents.in/seattle
united states,https://allevents.in/spokane
united states,https://allevents.in/tacoma
united states,https://allevents.in/miami
united states,https://allevents.in/orlando
united states,https://allevents.in/tampa
united states,https://allevents.in/jacksonville
united states,https://allevents.in/fort-lauderdale
united states,https://allevents.in/miami-beach
united states,https://allevents.in/pensacola
united states,https://allevents.in/saint-petersburg-fl
united states,https://allevents.in/sarasota
united states,https://allevents.in/boca-raton
united states,https://allevents.in/tallahassee
united states,https://allevents.in/west-palm-beach
united states,https://allevents.in/washington
united states,https://allevents.in/nashville
united states,https://allevents.in/knoxville
united states,https://allevents.in/memphis
united states,https://allevents.in/chattanooga
united states,https://allevents.in/philadelphia
united states,https://allevents.in/pittsburgh
united states,https://allevents.in/erie-us
united states,https://allevents.in/bethlehem
united states,https://allevents.in/minneapolis
united states,https://allevents.in/saint-paul
united states,https://allevents.in/rochester-mn
united states,https://allevents.in/portland
united states,https://allevents.in/eugene
united states,https://allevents.in/bend-us
united states,https://allevents.in/indianapolis
united states,https://allevents.in/fort-wayne
united states,https://allevents.in/evansville
united states,https://allevents.in/boston
united states,https://allevents.in/cambridge-ma
united states,https://allevents.in/worcester-ma
united states,https://allevents.in/charlotte
united states,https://allevents.in/raleigh
united states,https://allevents.in/asheville
united states,https://allevents.in/greensboro
united states,https://allevents.in/durham-nc
united states,https://allevents.in/wilmington-nc
united states,https://allevents.in/kansas-city
united states,https://allevents.in/st-louis
united states,https://allevents.in/springfield-mo
united states,https://allevents.in/detroit
united states,https://allevents.in/grand-rapids
united states,https://allevents.in/ann-arbor
united states,https://allevents.in/lansing
united states,https://allevents.in/phoenix
united states,https://allevents.in/tucson
united states,https://allevents.in/mesa-us
united states,https://allevents.in/tempe
united states,https://allevents.in/scottsdale
united states,https://allevents.in/columbus
united states,https://allevents.in/cleveland
united states,https://allevents.in/cincinnati
united states,https://allevents.in/dayton
united states,https://allevents.in/toledo-oh
united states,https://allevents.in/akron
united states,https://allevents.in/salt-lake-city
united states,https://allevents.in/milwaukee
united states,https://allevents.in/madison
united states,https://allevents.in/green-bay
united states,https://allevents.in/appleton
united states,https://allevents.in/baltimore
united states,https://allevents.in/annapolis
united states,https://allevents.in/oklahoma-city
united states,https://allevents.in/tulsa
united states,https://allevents.in/louisville
united states,https://allevents.in/lexington
united states,https://allevents.in/new-orleans
united states,https://allevents.in/baton-rouge
united states,https://allevents.in/omaha
united states,https://allevents.in/lincoln
united states,https://allevents.in/richmond
united states,https://allevents.in/virginia-beach
united states,https://allevents.in/norfolk
united states,https://allevents.in/alexandria
united states,https://allevents.in/roanoke
united states,https://allevents.in/boise
united states,https://allevents.in/albuquerque
united states,https://allevents.in/santa-fe-nm
united states,https://allevents.in/des-moines
united states,https://allevents.in/cedar-rapids-ia
united states,https://allevents.in/davenport
united states,https://allevents.in/birmingham-al
united states,https://allevents.in/huntsville
united states,https://allevents.in/wichita
united states,https://allevents.in/topeka
united states,https://allevents.in/charleston
united states,https://allevents.in/greenville-sc
united states,https://allevents.in/columbia
united states,https://allevents.in/sioux-falls
united states,https://allevents.in/portland-me
united states,https://allevents.in/atlantic-city
united states,https://allevents.in/newark
united states,https://allevents.in/chester-ct
united states,https://allevents.in/chester-ct
united states,https://allevents.in/hartford
united states,https://allevents.in/providence
united states,https://allevents.in/anchorage
united states,https://allevents.in/little-rock
united states,https://allevents.in/honolulu
united states,https://allevents.in/fargo
united states,https://allevents.in/billings
united states,https://allevents.in/manchester-nh
canada,https://allevents.in/toronto
canada,https://allevents.in/ottawa
canada,https://allevents.in/hamilton
canada,https://allevents.in/london-ca
canada,https://allevents.in/mississauga
canada,https://allevents.in/windsor
canada,https://allevents.in/niagara-falls-ca
canada,https://allevents.in/kingston
canada,https://allevents.in/oshawa
canada,https://allevents.in/kitchener
canada,https://allevents.in/brampton
canada,https://allevents.in/guelph
canada,https://allevents.in/st-catharines
canada,https://allevents.in/peterborough-ca
canada,https://allevents.in/burlington
canada,https://allevents.in/belleville
canada,https://allevents.in/stratford
canada,https://allevents.in/sudbury
canada,https://allevents.in/barrie
canada,https://allevents.in/thunder-bay
canada,https://allevents.in/cambridge-ca
canada,https://allevents.in/vaughan-on
canada,https://allevents.in/brockville
canada,https://allevents.in/sault-ste-marie
canada,https://allevents.in/whitby-ca
canada,https://allevents.in/milton-on
canada,https://allevents.in/orillia
canada,https://allevents.in/sarnia
canada,https://allevents.in/waterloo
canada,https://allevents.in/brantford
canada,https://allevents.in/north-bay-on
canada,https://allevents.in/chatham-on
canada,https://allevents.in/picton
canada,https://allevents.in/north-york
canada,https://allevents.in/oakville
canada,https://allevents.in/kanata
canada,https://allevents.in/markham-on
canada,https://allevents.in/lindsay-on
canada,https://allevents.in/welland
canada,https://allevents.in/pickering
canada,https://allevents.in/ajax-ca
canada,https://allevents.in/woodstock
canada,https://allevents.in/carleton-place
canada,https://allevents.in/dundas-on
canada,https://allevents.in/cornwall
canada,https://allevents.in/cornwall-on
canada,https://allevents.in/owen-sound
canada,https://allevents.in/richmond-hill-on
canada,https://allevents.in/trenton-ca
canada,https://allevents.in/midland-ca
canada,https://allevents.in/fergus
canada,https://allevents.in/stoney-creek
canada,https://allevents.in/orangeville-on
canada,https://allevents.in/pembroke-on
canada,https://allevents.in/newmarket-on
canada,https://allevents.in/kemptville
canada,https://allevents.in/arnprior
canada,https://allevents.in/uxbridge-on
canada,https://allevents.in/parry-sound
canada,https://allevents.in/niagara-on-the-lake
canada,https://allevents.in/tweed
canada,https://allevents.in/montreal
canada,https://allevents.in/quebec
canada,https://allevents.in/brossard
canada,https://allevents.in/gatineau
canada,https://allevents.in/laval-qc
canada,https://allevents.in/sherbrooke
canada,https://allevents.in/trois-rivi%C3%A8res
canada,https://allevents.in/chicoutimi
canada,https://allevents.in/joliette
canada,https://allevents.in/drummondville
canada,https://allevents.in/saint-hyacinthe
canada,https://allevents.in/longueuil
canada,https://allevents.in/sainte-agathe-des-monts
canada,https://allevents.in/shawinigan
canada,https://allevents.in/granby
canada,https://allevents.in/pointe-claire
canada,https://allevents.in/victoriaville
canada,https://allevents.in/saint-jean-sur-richelieu
canada,https://allevents.in/alma-qc
canada,https://allevents.in/saint-jean-de-matha
canada,https://allevents.in/saint-j%C3%A9r%C3%B4me
canada,https://allevents.in/vancouver
canada,https://allevents.in/victoria
canada,https://allevents.in/kelowna
canada,https://allevents.in/nanaimo
canada,https://allevents.in/langley-bc
canada,https://allevents.in/kamloops
canada,https://allevents.in/penticton-bc
canada,https://allevents.in/burnaby
canada,https://allevents.in/abbotsford
canada,https://allevents.in/surrey
canada,https://allevents.in/chilliwack
canada,https://allevents.in/prince-george
canada,https://allevents.in/penticton
canada,https://allevents.in/richmond-bc
canada,https://allevents.in/vernon-bc
canada,https://allevents.in/north-vancouver
canada,https://allevents.in/campbell-river
canada,https://allevents.in/new-westminster
canada,https://allevents.in/squamish
canada,https://allevents.in/courtenay-bc
canada,https://allevents.in/coquitlam
canada,https://allevents.in/gibsons
canada,https://allevents.in/mission-bc
canada,https://allevents.in/nelson-bc
canada,https://allevents.in/oliver-bc
canada,https://allevents.in/white-rock
canada,https://allevents.in/duncan-bc
canada,https://allevents.in/whistler
canada,https://allevents.in/powell-river
canada,https://allevents.in/sorrento-bc
canada,https://allevents.in/cranbrook-bc
canada,https://allevents.in/maple-ridge
canada,https://allevents.in/port-moody
canada,https://allevents.in/port-coquitlam
canada,https://allevents.in/calgary
canada,https://allevents.in/edmonton
canada,https://allevents.in/red-deer
canada,https://allevents.in/lethbridge
canada,https://allevents.in/medicine-hat
canada,https://allevents.in/grande-prairie
canada,https://allevents.in/fort-mcmurray
canada,https://allevents.in/sherwood-park
canada,https://allevents.in/airdrie
canada,https://allevents.in/canmore
canada,https://allevents.in/cochrane
canada,https://allevents.in/okotoks
canada,https://allevents.in/saint-albert
canada,https://allevents.in/sylvan-lake
canada,https://allevents.in/lloydminster
canada,https://allevents.in/winnipeg
canada,https://allevents.in/brandon-mb
canada,https://allevents.in/saskatoon
canada,https://allevents.in/regina
canada,https://allevents.in/halifax
canada,https://allevents.in/truro-ca
canada,https://allevents.in/dartmouth-ns
canada,https://allevents.in/lunenburg-ns
canada,https://allevents.in/bedford-ca
canada,https://allevents.in/sydney-ca
canada,https://allevents.in/bridgewater
canada,https://allevents.in/st-johns
canada,https://allevents.in/moncton
canada,https://allevents.in/saint-john
canada,https://allevents.in/fredericton
canada,https://allevents.in/charlottetown
canada,https://allevents.in/summerside
canada,https://allevents.in/whitehorse-yt
canada,https://allevents.in/yellowknife
